Sample_Type,Index_ID,Index,Index2
DNA,UDP0001,GAACTGAGCG,TCGTGGAGCG
DNA,UDP0002,AGGTCAGATA,CTACAAGATA
DNA,UDP0003,CGACATCCGA,TACGTTCATT
DNA,UDP0004,ATTCCATAAG,TGCCTGGTGG
DNA,UDP0005,CACAATAGGA,TCCATCCGAG
DNA,UDP0006,AACATCGCGC,GTCCACTTGT
DNA,UDP0007,CTAGTGCTCT,TGGAACAGTA
DNA,UDP0008,GATCAAGGCA,CCTTGTTAAT
DNA,UDP0009,GACTGAGTAG,GTTGATAGTG
DNA,UDP0010,AGTCAGACGA,ACCAGCGACA
DNA,UDP0011,CCGTATGTTC,CATACACTGT
DNA,UDP0012,GAGTCATAGG,GTGTGGCGCT
DNA,UDP0013,CTTGCCATTA,ATCACGAAGG
DNA,UDP0014,GAAGCGGCAC,CGGCTCTACT
DNA,UDP0015,TCCATTGCCG,GAATGCACGA
DNA,UDP0016,CGGTTACGGC,AAGACTATAG
DNA,UDP0017,GAGAATGGTT,TCGGCAGCAA
DNA,UDP0018,AGAGGCAACC,CTAATGATGG
DNA,UDP0019,CCATCATTAG,GGTTGCCTCT
DNA,UDP0020,GATAGGCCGA,CGCACATGGC
DNA,UDP0021,ATGGTTGACT,GGCCTGTCCT
DNA,UDP0022,TATTGCGCTC,CTGTGTTAGG
DNA,UDP0023,ACGCCTTGTT,TAAGGAACGT
DNA,UDP0024,TTCTACATAC,CTAACTGTAA
DNA,UDP0025,AACCATAGAA,GGCGAGATGG
DNA,UDP0026,GGTTGCGAGG,AATAGAGCAA
DNA,UDP0027,TAAGCATCCA,TCAATCCATT
DNA,UDP0028,ACCACGACAT,TCGTATGCGG
DNA,UDP0029,GCCGCACTCT,TCCGACCTCG
DNA,UDP0030,CCACCAGGCA,CTTATGGAAT
DNA,UDP0031,GTGACACGCA,GCTTACGGAC
DNA,UDP0032,ACAGTGTATG,GAACATACGG
DNA,UDP0033,TGATTATACG,GTCGATTACA
DNA,UDP0034,CAGCCGCGTA,ACTAGCCGTG
DNA,UDP0035,GGTAACTCGC,AAGTTGGTGA
DNA,UDP0036,ACCGGCCGTA,TGGCAATATT
DNA,UDP0037,TGTAATCGAC,GATCACCGCG
DNA,UDP0038,GTGCAGACAG,TACCATCCGT
DNA,UDP0039,CAATCGGCTG,GCTGTAGGAA
DNA,UDP0040,TATGTAGTCA,CGCACTAATG
DNA,UDP0041,ACTCGGCAAT,GACAACTGAA
DNA,UDP0042,GTCTAATGGC,AGTGGTCAGG
DNA,UDP0043,CCATCTCGCC,TTCTATGGTT
DNA,UDP0044,CTGCGAGCCA,AATCCGGCCA
DNA,UDP0045,CGTTATTCTA,CCATAAGGTT
DNA,UDP0046,GCAACATGGA,CTTGTCTTAA
DNA,UDP0047,GTCCTGGATA,CGGTGGCGAA
DNA,UDP0048,CAGTGGCACT,TAACAATAGG
DNA,UDP0049,AGTGTTGCAC,CTGGTACACG
DNA,UDP0050,GACACCATGT,TCAACGTGTA
DNA,UDP0051,CCTGTCTGTC,ACTGTTGTGA
DNA,UDP0052,TGATGTAAGA,GTGCGTCCTT
DNA,UDP0053,TAGTTCGGTA,CCATGTGTAG
DNA,UDP0054,CTATTACTAC,GAGTCTCTCC
DNA,UDP0055,TAGCATAACC,GCTATGCGCA
DNA,UDP0056,ACTCTATTGT,ATCGCATATG
DNA,UDP0057,TCTATCCTAA,CGTCGACTGG
DNA,UDP0058,CTCGCTTCGG,TACTAGTCAA
DNA,UDP0059,CTGTTGGTCC,ATAGACCGTT
DNA,UDP0060,TTACCTGGAA,ACAGTTCCAG
DNA,UDP0061,TGGCTAATCA,AGGCATGTAG
DNA,UDP0062,AACACTGTTA,GCAAGTCTCA
DNA,UDP0063,ATTGCGCGGT,TTGGCTCCGC
DNA,UDP0064,TGGCGCGAAC,AACTGATACT
DNA,UDP0065,TAATGTGTCT,GTAAGGCATA
DNA,UDP0066,ATACCAACGC,AATTGCTGCG
DNA,UDP0067,AGGATGTGCT,TTACAATTCC
DNA,UDP0068,CACGGAACAA,AACCTAGCAC
DNA,UDP0069,CCAAGGCCTT,TCGAAGTACT
DNA,UDP0070,TTACTCCACA,GACACCGATG
DNA,UDP0071,AGTAGAAGTG,CTAGCGTCGA
DNA,UDP0072,TACGAGTCCA,TAGCGAAGCA
DNA,UDP0073,TCTCATGATA,AACACGTGGA
DNA,UDP0074,CGAGGCCAAG,GTGTTACCGG
DNA,UDP0075,TTCACGAGAC,AGATTGTTAC
DNA,UDP0076,GCGTGGATGG,TTGACCAATG
DNA,UDP0077,TCTGGTATCC,CGTTGCTTAC
DNA,UDP0078,CATTAGTGCG,TGACTACATA
DNA,UDP0079,ACGGTCAGGA,CGGCCTCGTT
DNA,UDP0080,GGCAAGCCAG,CAAGCATCCG
DNA,UDP0081,TGTCGCTGGT,TCGTCTGACT
DNA,UDP0082,ACCGTTACAA,CTCATAGCGA
DNA,UDP0083,TATGCCTTAC,AGACACATTA
DNA,UDP0084,ACTGGATCTA,TCGCCGCTAG
DNA,UDP0085,TGGTACCTAA,CATGAGTACT
DNA,UDP0086,TTGGAATTCC,ACGTCAATAC
DNA,UDP0087,CCTCTACATG,GATACCTCCT
DNA,UDP0088,GGAGCGTGTA,ATCCGTAAGT
DNA,UDP0089,GTCCGTAAGC,CGTGTATCTT
DNA,UDP0090,ACTTCAAGCG,GAACCATGAA
DNA,UDP0091,TCAGAAGGCG,GGCCATCATA
DNA,UDP0092,GCGTTGGTAT,ACATACTTCC
DNA,UDP0093,ACATATCCAG,TATGTGCAAT
DNA,UDP0094,TCATAGATTG,GATTAAGGTG
DNA,UDP0095,GTATTCCACC,ATGTAGACAA
DNA,UDP0096,CCTCCGTCCA,CACATCGGTG
DNA,UDP0097,TGCCGGTCAG,CCTGATACAA
DNA,UDP0098,CACTCAATTC,TTAAGTTGTG
DNA,UDP0099,TCTCACACGC,CGGACAGTGA
DNA,UDP0100,TCAATGGAGA,GCACTACAAC
DNA,UDP0101,ATATGCATGT,TGGTGCCTGG
DNA,UDP0102,CTAGCTTCAA,TGTGTAAGCT
DNA,UDP0103,TCCGTTATGT,TTGTAGTGTA
DNA,UDP0104,GGTCTATTAA,CCACGACACG
DNA,UDP0105,CAGCAATCGT,TGTGATGTAT
DNA,UDP0106,TTCTGTAGAA,GAGCGCAATA
DNA,UDP0107,GAACGCAATA,ATCTTACTGT
DNA,UDP0108,AGTACTCATG,ATGTCGTGGT
DNA,UDP0109,GGTAGAATTA,GTAGCCATCA
DNA,UDP0110,TAATTAGCGT,TGGTTAAGAA
DNA,UDP0111,ATTAACAAGG,TGTTGTTCGT
DNA,UDP0112,TGATGGCTAC,CCAACAACAT
DNA,UDP0113,GAATTACAAG,ACCGGCTCAG
DNA,UDP0114,TAGAATTGGA,GTTAATCTGA
DNA,UDP0115,AGGCAGCTCT,CGGCTAACGT
DNA,UDP0116,ATCGGCGAAG,TCCAAGAATT
DNA,UDP0117,CCGTGACCGA,CCGAACGTTG
DNA,UDP0118,ATACTTGTTC,TAACCGCCGA
DNA,UDP0119,TCCGCCAATT,CTCCGTGCTG
DNA,UDP0120,AGGACAGGCC,CATTCCAGCT
DNA,UDP0121,AGAGAACCTA,GGTTATGCTA
DNA,UDP0122,GATATTGTGT,ACCACACGGT
DNA,UDP0123,CGTACAGGAA,TAGGTTCTCT
DNA,UDP0124,CTGCGTTACC,TATGGCTCGA
DNA,UDP0125,AGGCCGTGGA,CTCGTGCGTT
DNA,UDP0126,AGGAGGTATC,CCAGTTGGCA
DNA,UDP0127,GCTGACGTTG,TGTTCGCATT
DNA,UDP0128,CTAATAACCG,AACCGCATCG
DNA,UDP0129,TCTAGGCGCG,CGAAGGTTAA
DNA,UDP0130,ATAGCCAAGA,AGTGCCACTG
DNA,UDP0131,TTCGGTGTGA,GAACAAGTAT
DNA,UDP0132,ATGTAACGTT,ACGATTGCTG
DNA,UDP0133,AACGAGGCCG,ATACCTGGAT
DNA,UDP0134,TGGTGTTATG,TCCAATTCTA
DNA,UDP0135,TGGCCTCTGT,TGAGACAGCG
DNA,UDP0136,CCAGGCACCA,ACGCTAATTA
DNA,UDP0137,CCGGTTCCTA,TATATTCGAG
DNA,UDP0138,GGCCAATATT,CGGTCCGATA
DNA,UDP0139,GAATACCTAT,ACAATAGAGT
DNA,UDP0140,TACGTGAAGG,CGGTTATTAG
DNA,UDP0141,CTTATTGGCC,GATAACAAGT
DNA,UDP0142,ACAACTACTG,AGTTATCACA
DNA,UDP0143,GTTGGATGAA,TTCCAGGTAA
DNA,UDP0144,AATCCAATTG,CATGTAGAGG
DNA,UDP0145,GTGCTAGGTT,TGAATATTGC
DNA,UDP0146,ACAGCGACCA,CAGGAGCTCT
DNA,UDP0147,TCCACACAGA,TTGTCGGATG
DNA,UDP0148,AAGTGTTAGG,GCTAGTTCCG
DNA,UDP0149,GATTCTGAAT,AGCGGTGGAC
DNA,UDP0150,TAGAGAATAC,TATAGATTCG
DNA,UDP0151,TTGTATCAGG,ACAGAGGCCA
DNA,UDP0152,CACAGCGGTC,ATTCCTATTG
DNA,UDP0153,CCACGCTGAA,TATTCCTCAG
DNA,UDP0154,GTTCGGAGTT,CGCCTTCTGA
DNA,UDP0155,ATGTCGTATT,TTCTTGCTGG
DNA,UDP0156,GCAATATTCA,GGCGCCAATT
DNA,UDP0157,CTAGATTGCG,AGATATGGCG
DNA,UDP0158,CGATGCGGTT,CCTGCTTGGT
DNA,UDP0159,TCCGGACTAG,GACGAACAAT
DNA,UDP0160,GTGACGGAGC,TGGCGGTCCA
DNA,UDP0161,AATTCCATCT,CTTCAGTTAC
DNA,UDP0162,TTAACGGTGT,TCCTGACCGT
DNA,UDP0163,ACTTGTTATC,CGCGCCTAGA
DNA,UDP0164,CGTGTACCAG,AGGATAAGTT
DNA,UDP0165,TTAACCTTCG,AGGCCAGACA
DNA,UDP0166,CATATGCGAT,CCTTGAACGG
DNA,UDP0167,AGCCTATGAT,CACCACCTAC
DNA,UDP0168,TATGACAATC,TTGCTTGTAT
DNA,UDP0169,ATGTTGTTGG,CAATCTATGA
DNA,UDP0170,GCACCACCAA,TGGTACTGAT
DNA,UDP0171,AGGCGTTCGC,TTCATCCAAC
DNA,UDP0172,CCTCCGGTTG,CATAACACCA
DNA,UDP0173,GTCCACCGCT,TCCTATTAGC
DNA,UDP0174,ATTGTTCGTC,TCTCTAGATT
DNA,UDP0175,GGACCAGTGG,CGCGAGCCTA
DNA,UDP0176,CCTTCTAACA,GATAAGCTCT
DNA,UDP0177,CTCGAATATA,GAGATGTCGA
DNA,UDP0178,GATCGTCGCG,CTGGATATGT
DNA,UDP0179,CCGACCTGTC,TGCTCATAAC
DNA,UDP0180,CGCTGTCTCA,ATTACTCACC
DNA,UDP0181,AATGCGAACA,AATTGGCGGA
DNA,UDP0182,AATTCTTGGA,TTGTCAACTT
DNA,UDP0183,TTCCTACAGC,GGCGAATTCT
DNA,UDP0184,ATCCAGGTAT,CAACGTCAGC
DNA,UDP0185,ACGGTCCAAC,TCTTACATCA
DNA,UDP0186,GTAACTTGGT,CGCCATACCT
DNA,UDP0187,AGCGCCACAC,CTAATGTCTT
DNA,UDP0188,TGCTACTGCC,CAACCGGAGG
DNA,UDP0189,CAACACCGCA,GGCAGTAGCA
DNA,UDP0190,CACCTTAATC,TTAGGATAGA
DNA,UDP0191,TTGAATGTTG,CGCAATCTAG
DNA,UDP0192,CCGGTAACAC,GAGTTGTACT
