Index_ID,Index,Index2
UDP0001,GAACTGAGCG,TCGTGGAGCG
UDP0002,AGGTCAGATA,CTACAAGATA
UDP0003,CGTCTCATAT,TATAGTAGCT
UDP0004,ATTCCATAAG,TGCCTGGTGG
UDP0005,GACGAGATTA,TATAGTAGCT
UDP0006,AACATCGCGC,GTCCACTTGT
UDP0007,CTAGTGCTCT,TGGAACAGTA
UDP0008,GATCAAGGCA,CCTTGTTAAT
UDP0009,GACTGAGTAG,GTTGATAGTG
UDP0010,AGTCAGACGA,ACCAGCGACA
UDP0011,CCGTATGTTC,CATACACTGT
UDP0012,GAGTCATAGG,GTGTGGCGCT
UDP0013,CTTGCCATTA,ATCACGAAGG
UDP0014,GAAGCGGCAC,CGGCTCTACT
UDP0015,TCCATTGCCG,GAATGCACGA
UDP0016,CGGTTACGGC,AAGACTATAG
UDP0017,GAGAATGGTT,TCGGCAGCAA
UDP0018,AGAGGCAACC,CTAATGATGG
UDP0019,CCATCATTAG,GGTTGCCTCT
UDP0020,GATAGGCCGA,CGCACATGGC
UDP0021,ATGGTTGACT,GGCCTGTCCT
UDP0022,TATTGCGCTC,CTGTGTTAGG
UDP0023,ACGCCTTGTT,TAAGGAACGT
UDP0024,TTCTACATAC,CTAACTGTAA
UDP0025,AACCATAGAA,GGCGAGATGG
UDP0026,GGTTGCGAGG,AATAGAGCAA
UDP0027,TAAGCATCCA,TCAATCCATT
UDP0028,ACCACGACAT,TCGTATGCGG
UDP0029,GCCGCACTCT,TCCGACCTCG
UDP0030,CCACCAGGCA,CTTATGGAAT
UDP0031,GTGACACGCA,GCTTACGGAC
UDP0032,ACAGTGTATG,GAACATACGG
UDP0033,TGATTATACG,GTCGATTACA
UDP0034,CAGCCGCGTA,ACTAGCCGTG
UDP0035,GGTAACTCGC,AAGTTGGTGA
UDP0036,ACCGGCCGTA,TGGCAATATT
UDP0037,TGTAATCGAC,GATCACCGCG
UDP0038,GTGCAGACAG,TACCATCCGT
UDP0039,CAATCGGCTG,GCTGTAGGAA
UDP0040,TATGTAGTCA,CGCACTAATG
UDP0041,ACTCGGCAAT,GACAACTGAA
UDP0042,GTCTAATGGC,AGTGGTCAGG
UDP0043,CCATCTCGCC,TTCTATGGTT
UDP0044,CTGCGAGCCA,AATCCGGCCA
UDP0045,CGTTATTCTA,CCATAAGGTT
UDP0046,AGATCCATTA,ATCTCTACCA
UDP0047,GTCCTGGATA,CGGTGGCGAA
UDP0048,CAGTGGCACT,TAACAATAGG
UDP0049,AGTGTTGCAC,CTGGTACACG
UDP0050,GACACCATGT,TCAACGTGTA
UDP0051,CCTGTCTGTC,ACTGTTGTGA
UDP0052,TGATGTAAGA,GTGCGTCCTT
UDP0053,GGAATTGTAA,AGCACATCCT
UDP0054,GCATAAGCTT,TTCCGTCGCA
UDP0055,CTGAGGAATA,CTTAACCACT
UDP0056,AACGCACGAG,GCCTCGGATA
UDP0057,TCTATCCTAA,CGTCGACTGG
UDP0058,CTCGCTTCGG,TACTAGTCAA
UDP0059,CTGTTGGTCC,ATAGACCGTT
UDP0060,TTACCTGGAA,ACAGTTCCAG
UDP0061,TGGCTAATCA,AGGCATGTAG
UDP0062,AACACTGTTA,GCAAGTCTCA
UDP0063,ATTGCGCGGT,TTGGCTCCGC
UDP0064,TGGCGCGAAC,AACTGATACT
UDP0065,TAATGTGTCT,GTAAGGCATA
UDP0066,ATACCAACGC,AATTGCTGCG
UDP0067,AGGATGTGCT,TTACAATTCC
UDP0068,CACGGAACAA,AACCTAGCAC
UDP0069,TGGAGTACTT,TCTGTGTGGA
UDP0070,GTATTGACGT,GGAATTCCAA
UDP0071,CTTGTACACC,AAGCGCGCTT
UDP0072,ACACAGGTGG,TGAGCGTTGT
UDP0073,CCTGCGGAAC,ATCATAGGCT
UDP0074,CCTGCGGAAC,TGTTAGAAGG
UDP0075,CTCTGCAGCG,GATGGATGTA
UDP0076,CTGACTCTAC,ACGGCCGTCA
UDP0077,TCTGGTATCC,CGTTGCTTAC
UDP0078,CATTAGTGCG,TGACTACATA
UDP0079,ACGGTCAGGA,CGGCCTCGTT
UDP0080,GGCAAGCCAG,CAAGCATCCG
UDP0081,TGTCGCTGGT,TCGTCTGACT
UDP0082,ACCGTTACAA,CTCATAGCGA
UDP0083,TATGCCTTAC,AGACACATTA
UDP0084,ACAAGTGGAC,GCGCGATGTT
UDP0085,TGGTACCTAA,CATGAGTACT
UDP0086,TTGGAATTCC,ACGTCAATAC
UDP0087,CCTCTACATG,GATACCTCCT
UDP0088,GGAGCGTGTA,ATCCGTAAGT
UDP0089,GTCCGTAAGC,CGTGTATCTT
UDP0090,ACTTCAAGCG,GAACCATGAA
UDP0091,TCAGAAGGCG,GGCCATCATA
UDP0092,GCGTTGGTAT,ACATACTTCC
UDP0093,ACATATCCAG,TATGTGCAAT
UDP0094,TCATAGATTG,GATTAAGGTG
UDP0095,GTATTCCACC,ATGTAGACAA
UDP0096,CCTCCGTCCA,CACATCGGTG
UDP0097,TGCCGGTCAG,CCTGATACAA
UDP0098,CACTCAATTC,TTAAGTTGTG
UDP0099,TCTCACACGC,CGGACAGTGA
UDP0100,TCAATGGAGA,GCACTACAAC
UDP0101,ATATGCATGT,TGGTGCCTGG
UDP0102,ATGGCGCCTG,TCCACGGCCT
UDP0103,TCCGTTATGT,TTGTAGTGTA
UDP0104,GGTCTATTAA,CCACGACACG
UDP0105,CAGCAATCGT,TGTGATGTAT
UDP0106,TTCTGTAGAA,GAGCGCAATA
UDP0107,GAACGCAATA,ATCTTACTGT
UDP0108,AGTACTCATG,ATGTCGTGGT
UDP0109,GGTAGAATTA,GTAGCCATCA
UDP0110,TAATTAGCGT,TGGTTAAGAA
UDP0111,ATTAACAAGG,TGTTGTTCGT
UDP0112,TGATGGCTAC,CCAACAACAT
UDP0113,GAATTACAAG,ACCGGCTCAG
UDP0114,TAGAATTGGA,GTTAATCTGA
UDP0115,AGGCAGCTCT,CGGCTAACGT
UDP0116,ATCGGCGAAG,TCCAAGAATT
UDP0117,CCGTGACCGA,CCGAACGTTG
UDP0118,ATACTTGTTC,TAACCGCCGA
UDP0119,TCCGCCAATT,CTCCGTGCTG
UDP0120,AGGACAGGCC,CATTCCAGCT
UDP0121,AGAGAACCTA,GGTTATGCTA
UDP0122,GATATTGTGT,ACCACACGGT
UDP0123,CGTACAGGAA,TAGGTTCTCT
UDP0124,CTGCGTTACC,TATGGCTCGA
UDP0125,AGGCCGTGGA,CTCGTGCGTT
UDP0126,AGGAGGTATC,CCAGTTGGCA
UDP0127,GCTGACGTTG,TGTTCGCATT
UDP0128,CTAATAACCG,AACCGCATCG
UDP0129,TCTAGGCGCG,CGAAGGTTAA
UDP0130,ATAGCCAAGA,AGTGCCACTG
UDP0131,TTCGGTGTGA,GAACAAGTAT
UDP0132,ATGTAACGTT,ACGATTGCTG
UDP0133,AACGAGGCCG,ATACCTGGAT
UDP0134,TGGTGTTATG,TCCAATTCTA
UDP0135,TGGCCTCTGT,TGAGACAGCG
UDP0136,CCAGGCACCA,ACGCTAATTA
UDP0137,CCGGTTCCTA,TATATTCGAG
UDP0138,GGCCAATATT,CGGTCCGATA
UDP0139,GAATACCTAT,ACAATAGAGT
UDP0140,TACGTGAAGG,CGGTTATTAG
UDP0141,CTTATTGGCC,GATAACAAGT
UDP0142,ACAACTACTG,AGTTATCACA
UDP0143,GTTGGATGAA,TTCCAGGTAA
UDP0144,AATCCAATTG,CATGTAGAGG
UDP0145,TATGATGGCC,GATTGTCATA
UDP0146,CGCAGCAATT,ATTCCGCTAT
UDP0147,ACGTTCCTTA,GACCGCTGTG
UDP0148,CCGCGTATAG,TAGGAACCGG
UDP0149,GATTCTGAAT,AGCGGTGGAC
UDP0150,TAGAGAATAC,TATAGATTCG
UDP0151,TTGTATCAGG,ACAGAGGCCA
UDP0152,CACAGCGGTC,ATTCCTATTG
UDP0153,CCACGCTGAA,TATTCCTCAG
UDP0154,GTTCGGAGTT,CGCCTTCTGA
UDP0155,ATAGCGGAAT,TTCTTGCTGG
UDP0156,GCAATATTCA,GGCGCCAATT
UDP0157,CTAGATTGCG,AGATATGGCG
UDP0158,CGATGCGGTT,CCTGCTTGGT
UDP0159,TCCGGACTAG,GACGAACAAT
UDP0160,GTGACGGAGC,TGGCGGTCCA
UDP0161,AATTCCATCT,CTTCAGTTAC
UDP0162,TTAACGGTGT,TCCTGACCGT
UDP0163,ACTTGTTATC,CGCGCCTAGA
UDP0164,CGTGTACCAG,AGGATAAGTT
UDP0165,TTAACCTTCG,AGGCCAGACA
UDP0166,CATATGCGAT,CCTTGAACGG
UDP0167,AGCCTATGAT,CACCACCTAC
UDP0168,TATGACAATC,TTGCTTGTAT
UDP0169,ATGTTGTTGG,CAATCTATGA
UDP0170,GCACCACCAA,TGGTACTGAT
UDP0171,AGGCGTTCGC,TTCATCCAAC
UDP0172,CCTCCGGTTG,CATAACACCA
UDP0173,GTCCACCGCT,TCCTATTAGC
UDP0174,ATTGTTCGTC,TCTCTAGATT
UDP0175,GGACCAGTGG,CGCGAGCCTA
UDP0176,CCTTCTAACA,GATAAGCTCT
UDP0177,CTCGAATATA,GAGATGTCGA
UDP0178,GATCGTCGCG,CTGGATATGT
UDP0179,TATCCGAGGC,TGCTCATAAC
UDP0180,CGCTGTCTCA,ATTACTCACC
UDP0181,AATGCGAACA,AATTGGCGGA
UDP0182,AATTCTTGGA,TTGTCAACTT
UDP0183,TTCCTACAGC,GGCGAATTCT
UDP0184,ATCCAGGTAT,CAACGTCAGC
UDP0185,ACGGTCCAAC,TCTTACATCA
UDP0186,GTAACTTGGT,CGCCATACCT
UDP0187,AGCGCCACAC,CTAATGTCTT
UDP0188,TGCTACTGCC,CAACCGGAGG
UDP0189,CAACACCGCA,GGCAGTAGCA
UDP0190,CACCTTAATC,TTAGGATAGA
UDP0191,TTGAATGTTG,CGCAATCTAG
UDP0192,CCGGTAACAC,GAGTTGTACT
