Sample_Type,Index_ID,Index,Index2nsqx,Index2nsq6000
DNA,UDP0001,GAACTGAGCG,TCGTGGAGCG,CGCTCCACGA
DNA,UDP0002,AGGTCAGATA,CTACAAGATA,TATCTTGTAG
DNA,UDP0003,CGACATCCGA,TACGTTCATT,AATGAACGTA
DNA,UDP0004,ATTCCATAAG,TGCCTGGTGG,CCACCAGGCA
DNA,UDP0005,CACAATAGGA,TCCATCCGAG,CTCGGATGGA
DNA,UDP0006,AACATCGCGC,GTCCACTTGT,ACAAGTGGAC
DNA,UDP0007,CTAGTGCTCT,TGGAACAGTA,TACTGTTCCA
DNA,UDP0008,GATCAAGGCA,CCTTGTTAAT,ATTAACAAGG
DNA,UDP0009,GACTGAGTAG,GTTGATAGTG,CACTATCAAC
DNA,UDP0010,AGTCAGACGA,ACCAGCGACA,TGTCGCTGGT
DNA,UDP0011,CCGTATGTTC,CATACACTGT,ACAGTGTATG
DNA,UDP0012,GAGTCATAGG,GTGTGGCGCT,AGCGCCACAC
DNA,UDP0013,CTTGCCATTA,ATCACGAAGG,CCTTCGTGAT
DNA,UDP0014,GAAGCGGCAC,CGGCTCTACT,AGTAGAGCCG
DNA,UDP0015,TCCATTGCCG,GAATGCACGA,TCGTGCATTC
DNA,UDP0016,CGGTTACGGC,AAGACTATAG,CTATAGTCTT
DNA,UDP0017,GAGAATGGTT,TCGGCAGCAA,TTGCTGCCGA
DNA,UDP0018,AGAGGCAACC,CTAATGATGG,CCATCATTAG
DNA,UDP0019,CCATCATTAG,GGTTGCCTCT,AGAGGCAACC
DNA,UDP0020,GATAGGCCGA,CGCACATGGC,GCCATGTGCG
DNA,UDP0021,ATGGTTGACT,GGCCTGTCCT,AGGACAGGCC
DNA,UDP0022,TATTGCGCTC,CTGTGTTAGG,CCTAACACAG
DNA,UDP0023,ACGCCTTGTT,TAAGGAACGT,ACGTTCCTTA
DNA,UDP0024,TTCTACATAC,CTAACTGTAA,TTACAGTTAG
DNA,UDP0025,AACCATAGAA,GGCGAGATGG,CCATCTCGCC
DNA,UDP0026,GGTTGCGAGG,AATAGAGCAA,TTGCTCTATT
DNA,UDP0027,TAAGCATCCA,TCAATCCATT,AATGGATTGA
DNA,UDP0028,ACCACGACAT,TCGTATGCGG,CCGCATACGA
DNA,UDP0029,GCCGCACTCT,TCCGACCTCG,CGAGGTCGGA
DNA,UDP0030,CCACCAGGCA,CTTATGGAAT,ATTCCATAAG
DNA,UDP0031,GTGACACGCA,GCTTACGGAC,GTCCGTAAGC
DNA,UDP0032,ACAGTGTATG,GAACATACGG,CCGTATGTTC
DNA,UDP0033,TGATTATACG,GTCGATTACA,TGTAATCGAC
DNA,UDP0034,CAGCCGCGTA,ACTAGCCGTG,CACGGCTAGT
DNA,UDP0035,GGTAACTCGC,AAGTTGGTGA,TCACCAACTT
DNA,UDP0036,ACCGGCCGTA,TGGCAATATT,AATATTGCCA
DNA,UDP0037,TGTAATCGAC,GATCACCGCG,CGCGGTGATC
DNA,UDP0038,GTGCAGACAG,TACCATCCGT,ACGGATGGTA
DNA,UDP0039,CAATCGGCTG,GCTGTAGGAA,TTCCTACAGC
DNA,UDP0040,TATGTAGTCA,CGCACTAATG,CATTAGTGCG
DNA,UDP0041,ACTCGGCAAT,GACAACTGAA,TTCAGTTGTC
DNA,UDP0042,GTCTAATGGC,AGTGGTCAGG,CCTGACCACT
DNA,UDP0043,CCATCTCGCC,TTCTATGGTT,AACCATAGAA
DNA,UDP0044,CTGCGAGCCA,AATCCGGCCA,TGGCCGGATT
DNA,UDP0045,CGTTATTCTA,CCATAAGGTT,AACCTTATGG
DNA,UDP0046,GCAACATGGA,CTTGTCTTAA,TTAAGACAAG
DNA,UDP0047,GTCCTGGATA,CGGTGGCGAA,TTCGCCACCG
DNA,UDP0048,CAGTGGCACT,TAACAATAGG,CCTATTGTTA
DNA,UDP0049,AGTGTTGCAC,CTGGTACACG,CGTGTACCAG
DNA,UDP0050,GACACCATGT,TCAACGTGTA,TACACGTTGA
DNA,UDP0051,CCTGTCTGTC,ACTGTTGTGA,TCACAACAGT
DNA,UDP0052,TGATGTAAGA,GTGCGTCCTT,AAGGACGCAC
DNA,UDP0053,TAGTTCGGTA,CCATGTGTAG,CTACACATGG
DNA,UDP0054,CTATTACTAC,GAGTCTCTCC,GGAGAGACTC
DNA,UDP0055,TAGCATAACC,GCTATGCGCA,TGCGCATAGC
DNA,UDP0056,ACTCTATTGT,ATCGCATATG,CATATGCGAT
DNA,UDP0057,TCTATCCTAA,CGTCGACTGG,CCAGTCGACG
DNA,UDP0058,CTCGCTTCGG,TACTAGTCAA,TTGACTAGTA
DNA,UDP0059,CTGTTGGTCC,ATAGACCGTT,AACGGTCTAT
DNA,UDP0060,TTACCTGGAA,ACAGTTCCAG,CTGGAACTGT
DNA,UDP0061,TGGCTAATCA,AGGCATGTAG,CTACATGCCT
DNA,UDP0062,AACACTGTTA,GCAAGTCTCA,TGAGACTTGC
DNA,UDP0063,ATTGCGCGGT,TTGGCTCCGC,GCGGAGCCAA
DNA,UDP0064,TGGCGCGAAC,AACTGATACT,AGTATCAGTT
DNA,UDP0065,TAATGTGTCT,GTAAGGCATA,TATGCCTTAC
DNA,UDP0066,ATACCAACGC,AATTGCTGCG,CGCAGCAATT
DNA,UDP0067,AGGATGTGCT,TTACAATTCC,GGAATTGTAA
DNA,UDP0068,CACGGAACAA,AACCTAGCAC,GTGCTAGGTT
DNA,UDP0069,CCAAGGCCTT,TCGAAGTACT,AGTACTTCGA
DNA,UDP0070,TTACTCCACA,GACACCGATG,CATCGGTGTC
DNA,UDP0071,AGTAGAAGTG,CTAGCGTCGA,TCGACGCTAG
DNA,UDP0072,TACGAGTCCA,TAGCGAAGCA,TGCTTCGCTA
DNA,UDP0073,TCTCATGATA,AACACGTGGA,TCCACGTGTT
DNA,UDP0074,CGAGGCCAAG,GTGTTACCGG,CCGGTAACAC
DNA,UDP0075,TTCACGAGAC,AGATTGTTAC,GTAACAATCT
DNA,UDP0076,GCGTGGATGG,TTGACCAATG,CATTGGTCAA
DNA,UDP0077,TCTGGTATCC,CGTTGCTTAC,GTAAGCAACG
DNA,UDP0078,CATTAGTGCG,TGACTACATA,TATGTAGTCA
DNA,UDP0079,ACGGTCAGGA,CGGCCTCGTT,AACGAGGCCG
DNA,UDP0080,GGCAAGCCAG,CAAGCATCCG,CGGATGCTTG
DNA,UDP0081,TGTCGCTGGT,TCGTCTGACT,AGTCAGACGA
DNA,UDP0082,ACCGTTACAA,CTCATAGCGA,TCGCTATGAG
DNA,UDP0083,TATGCCTTAC,AGACACATTA,TAATGTGTCT
DNA,UDP0084,ACTGGATCTA,TCGCCGCTAG,CTAGCGGCGA
DNA,UDP0085,TGGTACCTAA,CATGAGTACT,AGTACTCATG
DNA,UDP0086,TTGGAATTCC,ACGTCAATAC,GTATTGACGT
DNA,UDP0087,CCTCTACATG,GATACCTCCT,AGGAGGTATC
DNA,UDP0088,GGAGCGTGTA,ATCCGTAAGT,ACTTACGGAT
DNA,UDP0089,GTCCGTAAGC,CGTGTATCTT,AAGATACACG
DNA,UDP0090,ACTTCAAGCG,GAACCATGAA,TTCATGGTTC
DNA,UDP0091,TCAGAAGGCG,GGCCATCATA,TATGATGGCC
DNA,UDP0092,GCGTTGGTAT,ACATACTTCC,GGAAGTATGT
DNA,UDP0093,ACATATCCAG,TATGTGCAAT,ATTGCACATA
DNA,UDP0094,TCATAGATTG,GATTAAGGTG,CACCTTAATC
DNA,UDP0095,GTATTCCACC,ATGTAGACAA,TTGTCTACAT
DNA,UDP0096,CCTCCGTCCA,CACATCGGTG,CACCGATGTG
DNA,UDP0097,TGCCGGTCAG,CCTGATACAA,TTGTATCAGG
DNA,UDP0098,CACTCAATTC,TTAAGTTGTG,CACAACTTAA
DNA,UDP0099,TCTCACACGC,CGGACAGTGA,TCACTGTCCG
DNA,UDP0100,TCAATGGAGA,GCACTACAAC,GTTGTAGTGC
DNA,UDP0101,ATATGCATGT,TGGTGCCTGG,CCAGGCACCA
DNA,UDP0102,ATGGCGCCTG,TGTGTAAGCT,AGGCCGTGGA
DNA,UDP0103,TCCGTTATGT,TTGTAGTGTA,TACACTACAA
DNA,UDP0104,GGTCTATTAA,CCACGACACG,CGTGTCGTGG
DNA,UDP0105,CAGCAATCGT,TGTGATGTAT,ATACATCACA
DNA,UDP0106,TTCTGTAGAA,GAGCGCAATA,TATTGCGCTC
DNA,UDP0107,GAACGCAATA,ATCTTACTGT,ACAGTAAGAT
DNA,UDP0108,AGTACTCATG,ATGTCGTGGT,ACCACGACAT
DNA,UDP0109,GGTAGAATTA,GTAGCCATCA,TGATGGCTAC
DNA,UDP0110,TAATTAGCGT,TGGTTAAGAA,TTCTTAACCA
DNA,UDP0111,ATTAACAAGG,TGTTGTTCGT,ACGAACAACA
DNA,UDP0112,TGATGGCTAC,CCAACAACAT,ATGTTGTTGG
DNA,UDP0113,GAATTACAAG,ACCGGCTCAG,CTGAGCCGGT
DNA,UDP0114,TAGAATTGGA,GTTAATCTGA,TCAGATTAAC
DNA,UDP0115,AGGCAGCTCT,CGGCTAACGT,ACGTTAGCCG
DNA,UDP0116,ATCGGCGAAG,TCCAAGAATT,AATTCTTGGA
DNA,UDP0117,CCGTGACCGA,CCGAACGTTG,CAACGTTCGG
DNA,UDP0118,ATACTTGTTC,TAACCGCCGA,TCGGCGGTTA
DNA,UDP0119,TCCGCCAATT,CTCCGTGCTG,CAGCACGGAG
DNA,UDP0120,AGGACAGGCC,CATTCCAGCT,AGCTGGAATG
DNA,UDP0121,AGAGAACCTA,GGTTATGCTA,TAGCATAACC
DNA,UDP0122,GATATTGTGT,ACCACACGGT,ACCGTGTGGT
DNA,UDP0123,CGTACAGGAA,TAGGTTCTCT,AGAGAACCTA
DNA,UDP0124,CTGCGTTACC,TATGGCTCGA,TCGAGCCATA
DNA,UDP0125,AGGCCGTGGA,CTCGTGCGTT,AACGCACGAG
DNA,UDP0126,AGGAGGTATC,CCAGTTGGCA,TGCCAACTGG
DNA,UDP0127,GCTGACGTTG,TGTTCGCATT,AATGCGAACA
DNA,UDP0128,CTAATAACCG,AACCGCATCG,CGATGCGGTT
DNA,UDP0129,TCTAGGCGCG,CGAAGGTTAA,TTAACCTTCG
DNA,UDP0130,ATAGCCAAGA,AGTGCCACTG,CAGTGGCACT
DNA,UDP0131,TTCGGTGTGA,GAACAAGTAT,ATACTTGTTC
DNA,UDP0132,ATGTAACGTT,ACGATTGCTG,CAGCAATCGT
DNA,UDP0133,AACGAGGCCG,ATACCTGGAT,ATCCAGGTAT
DNA,UDP0134,TGGTGTTATG,TCCAATTCTA,TAGAATTGGA
DNA,UDP0135,TGGCCTCTGT,TGAGACAGCG,CGCTGTCTCA
DNA,UDP0136,CCAGGCACCA,ACGCTAATTA,TAATTAGCGT
DNA,UDP0137,CCGGTTCCTA,TATATTCGAG,CTCGAATATA
DNA,UDP0138,GGCCAATATT,CGGTCCGATA,TATCGGACCG
DNA,UDP0139,GAATACCTAT,ACAATAGAGT,ACTCTATTGT
DNA,UDP0140,TACGTGAAGG,CGGTTATTAG,CTAATAACCG
DNA,UDP0141,CTTATTGGCC,GATAACAAGT,ACTTGTTATC
DNA,UDP0142,ACAACTACTG,AGTTATCACA,TGTGATAACT
DNA,UDP0143,GTTGGATGAA,TTCCAGGTAA,TTACCTGGAA
DNA,UDP0144,AATCCAATTG,CATGTAGAGG,CCTCTACATG
DNA,UDP0145,TATGATGGCC,TGAATATTGC,TATGACAATC
DNA,UDP0146,CGCAGCAATT,CAGGAGCTCT,ATAGCGGAAT
DNA,UDP0147,ACGTTCCTTA,TTGTCGGATG,CACAGCGGTC
DNA,UDP0148,CCGCGTATAG,GCTAGTTCCG,CCGGTTCCTA
DNA,UDP0149,GATTCTGAAT,AGCGGTGGAC,GTCCACCGCT
DNA,UDP0150,TAGAGAATAC,TATAGATTCG,CGAATCTATA
DNA,UDP0151,TTGTATCAGG,ACAGAGGCCA,TGGCCTCTGT
DNA,UDP0152,CACAGCGGTC,ATTCCTATTG,CAATAGGAAT
DNA,UDP0153,CCACGCTGAA,TATTCCTCAG,CTGAGGAATA
DNA,UDP0154,GTTCGGAGTT,CGCCTTCTGA,TCAGAAGGCG
DNA,UDP0155,ATAGCGGAAT,TTCTTGCTGG,TACTCTGCGC
DNA,UDP0156,GCAATATTCA,GGCGCCAATT,AATTGGCGCC
DNA,UDP0157,CTAGATTGCG,AGATATGGCG,CGCCATATCT
DNA,UDP0158,CGATGCGGTT,CCTGCTTGGT,ACCAAGCAGG
DNA,UDP0159,TCCGGACTAG,GACGAACAAT,ATTGTTCGTC
DNA,UDP0160,GTGACGGAGC,TGGCGGTCCA,TGGACCGCCA
DNA,UDP0161,AATTCCATCT,CTTCAGTTAC,GTAACTGAAG
DNA,UDP0162,TTAACGGTGT,TCCTGACCGT,ACGGTCAGGA
DNA,UDP0163,ACTTGTTATC,CGCGCCTAGA,TCTAGGCGCG
DNA,UDP0164,CGTGTACCAG,AGGATAAGTT,AACTTATCCT
DNA,UDP0165,TTAACCTTCG,AGGCCAGACA,TGTCTGGCCT
DNA,UDP0166,CATATGCGAT,CCTTGAACGG,CCGTTCAAGG
DNA,UDP0167,AGCCTATGAT,CACCACCTAC,GTAGGTGGTG
DNA,UDP0168,TATGACAATC,TTGCTTGTAT,ATACAAGCAA
DNA,UDP0169,ATGTTGTTGG,CAATCTATGA,TCATAGATTG
DNA,UDP0170,GCACCACCAA,TGGTACTGAT,ATCAGTACCA
DNA,UDP0171,AGGCGTTCGC,TTCATCCAAC,GTTGGATGAA
DNA,UDP0172,CCTCCGGTTG,CATAACACCA,TGGTGTTATG
DNA,UDP0173,GTCCACCGCT,TCCTATTAGC,GCTAATAGGA
DNA,UDP0174,ATTGTTCGTC,TCTCTAGATT,AATCTAGAGA
DNA,UDP0175,GGACCAGTGG,CGCGAGCCTA,TAGGCTCGCG
DNA,UDP0176,CCTTCTAACA,GATAAGCTCT,AGAGCTTATC
DNA,UDP0177,CTCGAATATA,GAGATGTCGA,TCGACATCTC
DNA,UDP0178,GATCGTCGCG,CTGGATATGT,ACATATCCAG
DNA,UDP0179,TATCCGAGGC,TGCTCATAAC,CTTATTGGCC
DNA,UDP0180,CGCTGTCTCA,ATTACTCACC,GGTGAGTAAT
DNA,UDP0181,AATGCGAACA,AATTGGCGGA,TCCGCCAATT
DNA,UDP0182,AATTCTTGGA,TTGTCAACTT,AAGTTGACAA
DNA,UDP0183,TTCCTACAGC,GGCGAATTCT,AGAATTCGCC
DNA,UDP0184,ATCCAGGTAT,CAACGTCAGC,GCTGACGTTG
DNA,UDP0185,ACGGTCCAAC,TCTTACATCA,TGATGTAAGA
DNA,UDP0186,GTAACTTGGT,CGCCATACCT,AGGTATGGCG
DNA,UDP0187,AGCGCCACAC,CTAATGTCTT,AAGACATTAG
DNA,UDP0188,TGCTACTGCC,CAACCGGAGG,CCTCCGGTTG
DNA,UDP0189,CAACACCGCA,GGCAGTAGCA,TGCTACTGCC
DNA,UDP0190,CACCTTAATC,TTAGGATAGA,TCTATCCTAA
DNA,UDP0191,TTGAATGTTG,CGCAATCTAG,CTAGATTGCG
DNA,UDP0192,CCGGTAACAC,GAGTTGTACT,AGTACAACTC
